variant,n_runs,n_ok,collisions_mean,collisions_std,near_misses_mean,near_misses_std,min_clearance_m_mean,min_clearance_m_std,rms_cte_m_mean,rms_cte_m_std,speed_ratio_mean,speed_ratio_std,mean_solve_ms_mean,mean_solve_ms_std,progress_m_mean,progress_m_std
pacejka,405,405,0.6098765432098765,0.9496748972481419,1.3753086419753087,1.2337589330981107,0.9402119481481481,2.095075865510911,0.8730602965659688,1.1074098899846714,0.267738506322258,0.18171323870033912,3.695948069069216,0.7702771645357843,25.292796341809,14.942977278327389
tmeasy,405,405,0.6172839506172839,0.9409272500913933,1.3876543209876544,1.2369499693782673,0.8699865209876543,1.953214870397198,0.9508220557786129,1.2526146970631185,0.2553954638855854,0.16621630958776,3.9400936690944364,1.038095362855824,24.082352452841498,13.262247294930432
vehicle_rate,405,405,0.6148148148148148,0.9998899829470235,1.5851851851851853,1.3682314152659163,0.8556484790123456,2.082688440816208,0.8079642623543873,1.0893207870420623,0.27710908793757627,0.1915950025016872,13.163134913876519,0.6947870355762448,26.55908457000904,16.16311746767306
