,mean,std,min,max
control_delay_ms,56.87162162840238,90.3412284903448,6.709818818179799,450.0
manual_delay_ms,56.87162162840238,90.3412284903448,6.709818818179799,450.0
camera_delay_ms,90.46385136118346,130.99478131099997,17.729237286360707,660.5
